{"cameraMode":{"drawMode":0,"name":"Shaded","section":"Shading Mode"},"sceneLighting":true,"audioPlay":false,"sceneViewState":{"showFog":true,"showMaterialUpdate":false,"showSkybox":true,"showFlares":true,"showImageEffects":true,"showParticleSystems":true},"in2DMode":false,"pivot":{"x":8.899256706237793,"y":3.3648838996887209,"z":4.47712516784668},"rotation":{"x":-0.22908943891525269,"y":-0.34343674778938296,"z":0.08681170642375946,"w":-0.9066824913024902},"size":4.870829105377197,"orthographic":false}