{"cameraMode":{"drawMode":0,"name":"Shaded","section":"Shading Mode"},"sceneLighting":false,"audioPlay":false,"sceneViewState":{"showFog":true,"showMaterialUpdate":false,"showSkybox":false,"showFlares":true,"showImageEffects":true,"showParticleSystems":true},"in2DMode":false,"pivot":{"x":13.943242073059082,"y":-3.7133076190948488,"z":20.044240951538087},"rotation":{"x":0.49965885281562807,"y":0.007285770960152149,"z":-0.004178067669272423,"w":0.8662334084510803},"size":5.6794562339782719,"orthographic":false}