{"cameraMode":{"drawMode":0,"name":"Shaded","section":"Shading Mode"},"sceneLighting":false,"audioPlay":false,"sceneViewState":{"showFog":true,"showMaterialUpdate":false,"showSkybox":false,"showFlares":true,"showImageEffects":true,"showParticleSystems":true},"in2DMode":false,"pivot":{"x":23.273426055908204,"y":1.0,"z":10.617616653442383},"rotation":{"x":0.27818194031715395,"y":-0.5762884020805359,"z":0.21751362085342408,"w":0.7370480298995972},"size":4.358899116516113,"orthographic":false}